type,val_image,train_image,hamming_distance,val_md5,train_md5,val_phash,train_phash
exact,IMG_0176_jpg.rf.06930ee86de34f6c394d1313dac6d0d6.jpg,IMG_0176_jpg.rf.35f0f089841afd6cb801e51e3653dd4b.jpg,0,e4ce58cf0b5fce8024376cbfaef10a85,e4ce58cf0b5fce8024376cbfaef10a85,dbd2c6948c8f8b19,dbd2c6948c8f8b19
near,Anthracnose_11a08969_jpg.rf.e1a080e07be08ae44a8361294cac9b0e.jpg,Anthracnose_aug_d6750cd3_jpg.rf.ecbfcbe2ae127fa630f64344b9ba8d59.jpg,0,533c652deb6b46d89a3ed2a3e9dcab36,e904903bd7f8ca37ff0dee5fe4864501,d03d43cd70b11fac,d03d43cd70b11fac
near,Anthracnose_11a08969_jpg.rf.e1a080e07be08ae44a8361294cac9b0e.jpg,Anthracnose_aug_f1654e97_jpg.rf.48923d59668cbc0eaf488e4e90300bcb.jpg,0,533c652deb6b46d89a3ed2a3e9dcab36,76c6be51a3c94ecdb458d3b1501f6a69,d03d43cd70b11fac,d03d43cd70b11fac
near,Anthracnose_11a08969_jpg.rf.e1a080e07be08ae44a8361294cac9b0e.jpg,Anthracnose_c62606aa_jpg.rf.1d4798526b7cdcb96f3d5fe075a601ea.jpg,0,533c652deb6b46d89a3ed2a3e9dcab36,df09b58d3952040caa03e98af250d51d,d03d43cd70b11fac,d03d43cd70b11fac
near,Anthracnose_1256fed2_jpg.rf.6c3b6be4dfe481a16f21b01c30549648.jpg,Anthracnose_5e995ba3_jpg.rf.f16503d2460eff64de2387cad6ac983a.jpg,0,52fe2ee471803cc401881c22d1002dbe,d46e28ca0a66ecb86d263fc784a4ebb4,85681f9825e65af9,85681f9825e65af9
near,Anthracnose_1256fed2_jpg.rf.6c3b6be4dfe481a16f21b01c30549648.jpg,Anthracnose_8cc8e2ff_jpg.rf.b601e1cb7c42c48697ad0f965b594848.jpg,0,52fe2ee471803cc401881c22d1002dbe,c92496eb1d63d403140b4b781951db5f,85681f9825e65af9,85681f9825e65af9
near,Anthracnose_2eb9b02d_jpg.rf.e756635e80681a40aced96363b27eb71.jpg,Anthracnose_a8580d60_jpg.rf.a38426128ce99cb49adcc353a68c7700.jpg,0,368fa8014fe39c4a586c30d79e2d3378,4895e07268d60233dd9757e49804c5cb,96680a99b4e4cb7b,96680a99b4e4cb7b
near,Anthracnose_392bb781_jpg.rf.a168dc01b7ea4db5073b4244c03a47d3.jpg,Anthracnose_de91e07b_jpg.rf.2ad77fe8d1a40cf0f8cbf5fd65dedf3c.jpg,0,bc81e327fb8b3a732eae960465d27d88,537795524baa2378f54a7b5a03515051,901d039d6db31cbe,901d039d6db31cbe
near,Anthracnose_46653dd7_jpg.rf.f065ed5ca2f2e0c62ebac9460d9717f8.jpg,Anthracnose_81d56fdb_jpg.rf.097633d6af7b4abc533a5ccd52522139.jpg,0,aaa9b2b83418226b2bd501c2cdc91c9f,540d1233895e19f2cc50f61b7847e0a8,cd73580e52ad2f07,cd73580e52ad2f07
near,Anthracnose_4f3aa516_jpg.rf.b21fbd7c04bfdbb4202e271c7bdfc843.jpg,Anthracnose_3bbe348b_jpg.rf.3ec23f951cf5f60f6cc46cffaded4f94.jpg,0,b523ebef249499a78b784fb31c985531,23f6d8d19c298e3ed4e5804532ca53c7,856a51d316c5cdf8,856a51d316c5cdf8
near,Anthracnose_610bcd6f_jpg.rf.88304d95639bdd5cd7b257130afe5830.jpg,Anthracnose_c2ca5f8e_jpg.rf.258a9158857d31a3f4cc9d1e3ff1c692.jpg,0,41d7f67e910ee58a2f544240ec0f64b6,0a50d23c1aac40795240c08d78f53e68,8c0a5d9147dd525f,8c0a5d9147dd525f
near,Anthracnose_7c8e5b0d_jpg.rf.171fc8806a96adc6916caa180cdd3134.jpg,Anthracnose_c2ca5f8e_jpg.rf.258a9158857d31a3f4cc9d1e3ff1c692.jpg,0,85ce76aec033acdfc9ce4820570e52b2,0a50d23c1aac40795240c08d78f53e68,8c0a5d9147dd525f,8c0a5d9147dd525f
near,Anthracnose_7e63ec9c_jpg.rf.35a58fa775a8ae5a42281e547836a13d.jpg,Anthracnose_1264877a_jpg.rf.e7d04990f658ad914f7082af70252931.jpg,0,3df75e8e51c97729d4b0d3636cba01bc,0e6d1ad5b76123f6099d124179e95b0a,cf537c4c72ac2525,cf537c4c72ac2525
near,Anthracnose_80a7397a_jpg.rf.3493f7ba9b75d8d9cbab36397444701b.jpg,Anthracnose_aug_28a7f256_jpg.rf.6f3fb53bd21a424bc93b550973596eb3.jpg,0,16fab5bfa50c5cceb726d800f44ac91e,57403324b05c0c8b3be414c1277f76a5,d1cf5f31310f48b1,d1cf5f31310f48b1
near,Anthracnose_9ea58c1e_jpg.rf.e9b1b04ab01a28b7e513a8ee40fe110b.jpg,Anthracnose_a7b75edd_jpg.rf.8f38dc4b135480dab06b623ae01972fb.jpg,0,1828363f0b3d3e633968cf99ed07cc4c,831efbb0bac605089416fa12d8d24909,cd53660c5aae271d,cd53660c5aae271d
near,Anthracnose_aug_74be9bb6_jpg.rf.7f8e6a343117334c2c415a4874eb91bb.jpg,Anthracnose_eb6e67a1_jpg.rf.0ab3b8dc544f9fef369b9ae372e432f8.jpg,0,e8aca932fce2f9c6095b0300ee5fd2cd,d383eb6192216e0fb183c8a58863d77d,a56d511ed3c65817,a56d511ed3c65817
near,Anthracnose_aug_78f4f773_jpg.rf.07e1c047fe884325a6a21640cc8a0895.jpg,Anthracnose_aug_2f56f532_jpg.rf.25e5f1dee95d2b04198129f11d614cba.jpg,0,61e834768f614573845db67bcb156d3e,378ef56ce66c1ed0e6e568c9ea1ce96b,c3305bcce1f18c6e,c3305bcce1f18c6e
near,Anthracnose_aug_78f4f773_jpg.rf.07e1c047fe884325a6a21640cc8a0895.jpg,Anthracnose_e8aff100_jpg.rf.ccb920601f3a693f3931c05e3a3ecbed.jpg,0,61e834768f614573845db67bcb156d3e,193fa8700e518d7ee1ab1d18d295cbb5,c3305bcce1f18c6e,c3305bcce1f18c6e
near,Anthracnose_aug_bfd468f9_jpg.rf.efd7b12fd3d5edc8a6cfae88f797ae49.jpg,Anthracnose_7746b8dc_jpg.rf.3f7f4cb3c0051636a7bcb148acf26b18.jpg,0,c4ba10a427560e79a3e1f8b91c9e87f7,8cdf3b8a549f65f1c367990dfd78603c,c3355ecce1b19c2c,c3355ecce1b19c2c
near,Anthracnose_aug_f4e20a28_jpg.rf.0e3aa8dfc430757ac3bac580d3c39049.jpg,Anthracnose_cc41d280_jpg.rf.4183514a26950995794252f46150f899.jpg,0,59bc2338b10e43f573223832e0cc6869,d69f00133e0cb942488d0c36018be914,a168d91ed2c7d0b5,a168d91ed2c7d0b5
near,Anthracnose_aug_fa0d46f5_jpg.rf.38c68a841335928c8eb294b0176e49c5.jpg,Anthracnose_56d99623_jpg.rf.8cf40ee95c72e271de477043ec6cd6d5.jpg,0,2be00a3ff973fe47c95500561b49962b,515d0ca1700fc0084ceca6c06883bbfb,c1305fcf21f3484f,c1305fcf21f3484f
near,Anthracnose_aug_fa0d46f5_jpg.rf.38c68a841335928c8eb294b0176e49c5.jpg,Anthracnose_c0c5d3e3_jpg.rf.5993f0f56b79aca8dff15f928cc36fc6.jpg,0,2be00a3ff973fe47c95500561b49962b,5dc40ff158315c142604ef3c0fc4691f,c1305fcf21f3484f,c1305fcf21f3484f
near,Anthracnose_b9af5c9a_jpg.rf.2208997c04fe1a47ed9b616b9c5bf436.jpg,Anthracnose_2fd8a424_jpg.rf.7465214168dbf1a190fd18dd1ded9627.jpg,0,0fccbcd1368630a6d041eb5357811ebb,5b9310472b157d81e8a78934c6f32d18,f039844f879389fa,f039844f879389fa
near,Anthracnose_cc67bc1d_jpg.rf.2fbb64f903eebca332ece276d097383f.jpg,Anthracnose_afc3650b_jpg.rf.88e5a34f863c6195ab1ea19f63e6d5d1.jpg,0,52437122c0462c477b73f6effd87c5a9,57c1acb1d5f59d60cc34ad21ab327d1d,ff5b18c5139c030f,ff5b18c5139c030f
near,Anthracnose_d9f35328_jpg.rf.2012953ccfc434cdf2e9cd42f89c3764.jpg,Anthracnose_0d48a083_jpg.rf.e9131055a76d2faa2e1771a57929bf88.jpg,0,79a2f62848b1e0ae8e46f0685b65cd48,da0659e3fd68850721c0bdc219878c46,a56d511a53865e1f,a56d511a53865e1f
near,Anthracnose_d9f35328_jpg.rf.2012953ccfc434cdf2e9cd42f89c3764.jpg,Anthracnose_aug_2ccbdccc_jpg.rf.af3b6850739494d53f2bfd0a2968f875.jpg,0,79a2f62848b1e0ae8e46f0685b65cd48,285951918dab3e1c58b69e2a2e125312,a56d511a53865e1f,a56d511a53865e1f
near,Anthracnose_d9f35328_jpg.rf.2012953ccfc434cdf2e9cd42f89c3764.jpg,Anthracnose_aug_98d412d7_jpg.rf.b2fbe50760987292a6711d8e5b4a60f7.jpg,0,79a2f62848b1e0ae8e46f0685b65cd48,cf24b3da82434f440594cc7aa7fe3020,a56d511a53865e1f,a56d511a53865e1f
near,Anthracnose_d9f35328_jpg.rf.2012953ccfc434cdf2e9cd42f89c3764.jpg,Anthracnose_aug_feec09fd_jpg.rf.79f37da0fc01b3a29af518f991b7382e.jpg,0,79a2f62848b1e0ae8e46f0685b65cd48,b798d37f63ba2b85bdf3fb2aebb65ef4,a56d511a53865e1f,a56d511a53865e1f
near,IMG_0176_jpg.rf.06930ee86de34f6c394d1313dac6d0d6.jpg,IMG_0176_jpg.rf.35f0f089841afd6cb801e51e3653dd4b.jpg,0,e4ce58cf0b5fce8024376cbfaef10a85,e4ce58cf0b5fce8024376cbfaef10a85,dbd2c6948c8f8b19,dbd2c6948c8f8b19
near,Anthracnose_0d184e97_jpg.rf.6b51d16433617b14e11859264c493647.jpg,Anthracnose_91519e76_jpg.rf.ecd28128fe2637b45f0688d70c896a88.jpg,2,0b4580297063221c3d65504687ed2636,ffb1bb3797a252df0d783b141b4f003e,a46d5d1e53825a1f,a4ed5d1e43825a1f
near,Anthracnose_0d184e97_jpg.rf.6b51d16433617b14e11859264c493647.jpg,Anthracnose_aug_b8516636_jpg.rf.266c773bcd1687dd858b5158234ca412.jpg,2,0b4580297063221c3d65504687ed2636,b8d1f45497e25b1892f81881034d896c,a46d5d1e53825a1f,a4ed5d1e43825a1f
near,Anthracnose_11a08969_jpg.rf.e1a080e07be08ae44a8361294cac9b0e.jpg,Anthracnose_58404680_jpg.rf.c391abe48331305e4a881ca5d88e4af3.jpg,2,533c652deb6b46d89a3ed2a3e9dcab36,85266f481849e9e2652167563ef0707f,d03d43cd70b11fac,d03d4bcd70b11fa4
near,Anthracnose_11a08969_jpg.rf.e1a080e07be08ae44a8361294cac9b0e.jpg,Anthracnose_9fdcb585_jpg.rf.845b682885ecfcdf51595171374ee84e.jpg,2,533c652deb6b46d89a3ed2a3e9dcab36,68f60b1c1839de99b8e050bb3cbffa51,d03d43cd70b11fac,d03d4bcd70b10fac
near,Anthracnose_11a08969_jpg.rf.e1a080e07be08ae44a8361294cac9b0e.jpg,Anthracnose_aug_0ca4c272_jpg.rf.126af12e4d70b728ac6f0fd6d1359360.jpg,2,533c652deb6b46d89a3ed2a3e9dcab36,01aa1b453c31b2e3bc6c3c12329c0bb0,d03d43cd70b11fac,d03d4bcd70b10fac
near,Anthracnose_11a08969_jpg.rf.e1a080e07be08ae44a8361294cac9b0e.jpg,Anthracnose_aug_d5132b1c_jpg.rf.b4985ff8bd9324611300835a58f0d633.jpg,2,533c652deb6b46d89a3ed2a3e9dcab36,613131613ec1ee0415471f9a5a2f8219,d03d43cd70b11fac,d03d4bcd70b11fa4
near,Anthracnose_1833be9c_jpg.rf.5d24aad09f503578116c3e6e8c54e28a.jpg,Anthracnose_a7b75edd_jpg.rf.8f38dc4b135480dab06b623ae01972fb.jpg,2,49545e0b3742413f2fe27ed77d78c44f,831efbb0bac605089416fa12d8d24909,cd53760c58ae271d,cd53660c5aae271d
near,Anthracnose_5ffbc92b_jpg.rf.9fd09365077e4609281e1b697746b805.jpg,Anthracnose_c9b57da2_jpg.rf.666f8e84fab85797996d3f93b8a6dabf.jpg,2,9e54b54dbbc9906ac2db91c99fa4827b,1d0220cca6c235f3db8b8cf973da4195,c54854cc39e745f9,c54854cc39e741fb
near,Anthracnose_a964d031_jpg.rf.d1e9c7384b7d443b0c7e3409c1ca8005.jpg,Anthracnose_049d5339_jpg.rf.6231e2332c6298b0124abb69de16debf.jpg,2,474f9cc99634d5cf12e496605b6df187,c5ae6d86a32fb50bc4c985bf01de4a40,980633590ffb725c,982633590dfb725c
near,Anthracnose_a964d031_jpg.rf.d1e9c7384b7d443b0c7e3409c1ca8005.jpg,Anthracnose_2b1fd139_jpg.rf.1ce377cea5ecac83bd4c8ef16f5bd7a7.jpg,2,474f9cc99634d5cf12e496605b6df187,431e1a415b2e9112dae995af874942e0,980633590ffb725c,982633590dfb725c
near,Anthracnose_a964d031_jpg.rf.d1e9c7384b7d443b0c7e3409c1ca8005.jpg,Anthracnose_8305874d_jpg.rf.c12be65983b7b6114eca1965bea35294.jpg,2,474f9cc99634d5cf12e496605b6df187,b76e5f447c79976413e4b88ac6350130,980633590ffb725c,982633590dfb725c
near,Anthracnose_aug_f4e20a28_jpg.rf.0e3aa8dfc430757ac3bac580d3c39049.jpg,Anthracnose_aug_040cbc36_jpg.rf.06b53f2bfe530ca1a4f5c723016a3384.jpg,2,59bc2338b10e43f573223832e0cc6869,67ba69979b6c32f1656f3edb065a5281,a168d91ed2c7d0b5,a169d11ed2c7d0b5
near,Anthracnose_aug_fae1df8d_jpg.rf.d31623cb077f56d757d8ca042c336731.jpg,Anthracnose_91519e76_jpg.rf.ecd28128fe2637b45f0688d70c896a88.jpg,2,89921a2d5daf3b239653ec6b0dfee8ad,ffb1bb3797a252df0d783b141b4f003e,a46d5d1e53825a1f,a4ed5d1e43825a1f
near,Anthracnose_aug_fae1df8d_jpg.rf.d31623cb077f56d757d8ca042c336731.jpg,Anthracnose_aug_b8516636_jpg.rf.266c773bcd1687dd858b5158234ca412.jpg,2,89921a2d5daf3b239653ec6b0dfee8ad,b8d1f45497e25b1892f81881034d896c,a46d5d1e53825a1f,a4ed5d1e43825a1f
near,Anthracnose_b9af5c9a_jpg.rf.2208997c04fe1a47ed9b616b9c5bf436.jpg,Anthracnose_89715bea_jpg.rf.6b985cd2947bfc4a90a0f8d7d6d85339.jpg,2,0fccbcd1368630a6d041eb5357811ebb,988b0f53f528704155b4156b2bc1fa76,f039844f879389fa,f039844fa79389f2
near,Anthracnose_11a08969_jpg.rf.e1a080e07be08ae44a8361294cac9b0e.jpg,Anthracnose_b5afccd4_jpg.rf.a5509f36bf9a0a084652754d8656dc80.jpg,4,533c652deb6b46d89a3ed2a3e9dcab36,2a1101196cfe8e95595f01fb29fc7b94,d03d43cd70b11fac,d03d4bcd70b18f2c
near,Anthracnose_1256fed2_jpg.rf.6c3b6be4dfe481a16f21b01c30549648.jpg,Anthracnose_4c0867c0_jpg.rf.bfb93c0693588d7c7b2f44744ad72420.jpg,4,52fe2ee471803cc401881c22d1002dbe,c0b34b06fc75a48bf338d5f59813663e,85681f9825e65af9,8d681e9825e4daf9
near,Anthracnose_2eb9b02d_jpg.rf.e756635e80681a40aced96363b27eb71.jpg,Anthracnose_372d344d_jpg.rf.c14094e9e814f1b096469fe37e5fb499.jpg,4,368fa8014fe39c4a586c30d79e2d3378,31b01ca63e91b527062d7e0e942d3fef,96680a99b4e4cb7b,9e690a99b4a4cb3b
near,Anthracnose_392bb781_jpg.rf.a168dc01b7ea4db5073b4244c03a47d3.jpg,Anthracnose_e722d833_jpg.rf.5f796b56a866a336813a5def8266035c.jpg,4,bc81e327fb8b3a732eae960465d27d88,17e53b3d0e2ec2ad50f0486772b31bd7,901d039d6db31cbe,901d239d6db614be
near,Anthracnose_46653dd7_jpg.rf.f065ed5ca2f2e0c62ebac9460d9717f8.jpg,Anthracnose_191e2b28_jpg.rf.47a2b1cd9124686a0fdc7f5cda4e0325.jpg,4,aaa9b2b83418226b2bd501c2cdc91c9f,8ccba9071ca34d2d3c6445391a5437bb,cd73580e52ad2f07,cd77580e52ac0f27
near,Anthracnose_46653dd7_jpg.rf.f065ed5ca2f2e0c62ebac9460d9717f8.jpg,Anthracnose_395d293a_jpg.rf.b1e25a36c72a3deb2ee6c5589c326c3c.jpg,4,aaa9b2b83418226b2bd501c2cdc91c9f,71fa35a65a360a4862d7893c9f9a1fc0,cd73580e52ad2f07,cd77580e52ac0f27
near,Anthracnose_5ffbc92b_jpg.rf.9fd09365077e4609281e1b697746b805.jpg,Anthracnose_aug_aaabe729_jpg.rf.d400ad87180b8eea632b28cd69f123a6.jpg,4,9e54b54dbbc9906ac2db91c99fa4827b,67df87a90df312616985594317ff7e78,c54854cc39e745f9,c55854cc39e741f3
near,Anthracnose_72b394bd_jpg.rf.d22cb241644045bc9bd97cbed16f8cca.jpg,Anthracnose_3eb91ad1_jpg.rf.dbb6daa9d8bab307296aecc3934bf0cf.jpg,4,def5be76a9e95c391d0201c3b0d2eedd,1cca57b4287b25954fbedbb270e88ca7,d05f81ad1b235b17,d05d91ad5b235a17
near,Anthracnose_771cedb2_jpg.rf.c1ec313bbf20056a837e363a19716517.jpg,Anthracnose_38a84fcf_jpg.rf.7964861d39ea462b78b1eb756b28660d.jpg,4,696b1f8c94c27698f3028f314cda7b88,53c1f20781fa5d7ddf0f3077cc17b7eb,97680b9934e4cb79,97680b9834e54bf9
near,Anthracnose_771cedb2_jpg.rf.c1ec313bbf20056a837e363a19716517.jpg,Anthracnose_9bbdd0ab_jpg.rf.c54679c0bb609139e24f223c8c619d25.jpg,4,696b1f8c94c27698f3028f314cda7b88,a186b28284163764972c072170b34bcb,97680b9934e4cb79,97680b9834e54bf9
near,Anthracnose_771cedb2_jpg.rf.c1ec313bbf20056a837e363a19716517.jpg,Anthracnose_a8580d60_jpg.rf.a38426128ce99cb49adcc353a68c7700.jpg,4,696b1f8c94c27698f3028f314cda7b88,4895e07268d60233dd9757e49804c5cb,97680b9934e4cb79,96680a99b4e4cb7b
near,Anthracnose_771cedb2_jpg.rf.c1ec313bbf20056a837e363a19716517.jpg,Anthracnose_d8e58f62_jpg.rf.50f20e1089a8b9a3017ce08eadaae3a6.jpg,4,696b1f8c94c27698f3028f314cda7b88,74ded3783ab1bcc55ec77742e7f9629a,97680b9934e4cb79,97680b9834e54bf9
near,Anthracnose_a964d031_jpg.rf.d1e9c7384b7d443b0c7e3409c1ca8005.jpg,Anthracnose_2142276d_jpg.rf.9062aecf04ee7dc11d7da0347f6e0be5.jpg,4,474f9cc99634d5cf12e496605b6df187,817bf10d050af51451b14c37e94881f4,980633590ffb725c,d82633590ffb7248
near,Anthracnose_aug_bfd468f9_jpg.rf.efd7b12fd3d5edc8a6cfae88f797ae49.jpg,Anthracnose_0ae1cc0b_jpg.rf.d2e53ec7127855a4d85a6e3c6005316f.jpg,4,c4ba10a427560e79a3e1f8b91c9e87f7,a3455248644b7e9963cbb1d8ff7787ca,c3355ecce1b19c2c,c23d5ecc61b19d2c
near,Anthracnose_aug_bfd468f9_jpg.rf.efd7b12fd3d5edc8a6cfae88f797ae49.jpg,Anthracnose_69ab0396_jpg.rf.9e7932724552db99e120d39962a99d30.jpg,4,c4ba10a427560e79a3e1f8b91c9e87f7,d74fd715785ca14ea9897f252bfc6732,c3355ecce1b19c2c,c23d5ecc61b19d2c
near,Anthracnose_aug_bfd468f9_jpg.rf.efd7b12fd3d5edc8a6cfae88f797ae49.jpg,Anthracnose_aug_84541a1d_jpg.rf.991141efc8f82c5775059d13428e5c28.jpg,4,c4ba10a427560e79a3e1f8b91c9e87f7,cc58c9e585340c99997e198887930c64,c3355ecce1b19c2c,c23d5ecc61b19d2c
near,Anthracnose_aug_bfd468f9_jpg.rf.efd7b12fd3d5edc8a6cfae88f797ae49.jpg,Anthracnose_aug_8b5138d0_jpg.rf.a636ae468ccd00492597e18453af8d09.jpg,4,c4ba10a427560e79a3e1f8b91c9e87f7,1b4d64f5e96371fbb84c2ee04d7fc8cc,c3355ecce1b19c2c,c23d5ecc61b19d2c
near,Anthracnose_07dd36b8_jpg.rf.c773a7cbc483d55aaf253a3ac3a9935a.jpg,Anthracnose_f1ddb886_jpg.rf.3a90b25fc0b923bcf9b68997bd656a20.jpg,6,8efe702b1051577385f33efc8285d7ff,7bbe66c0cabd2517e5b629ee2cc4a90b,d0b2895253dd5ee8,d0a2815a5bdd5aec
near,Anthracnose_0d184e97_jpg.rf.6b51d16433617b14e11859264c493647.jpg,Anthracnose_0d48a083_jpg.rf.e9131055a76d2faa2e1771a57929bf88.jpg,6,0b4580297063221c3d65504687ed2636,da0659e3fd68850721c0bdc219878c46,a46d5d1e53825a1f,a56d511a53865e1f
near,Anthracnose_0d184e97_jpg.rf.6b51d16433617b14e11859264c493647.jpg,Anthracnose_aug_2ccbdccc_jpg.rf.af3b6850739494d53f2bfd0a2968f875.jpg,6,0b4580297063221c3d65504687ed2636,285951918dab3e1c58b69e2a2e125312,a46d5d1e53825a1f,a56d511a53865e1f
near,Anthracnose_0d184e97_jpg.rf.6b51d16433617b14e11859264c493647.jpg,Anthracnose_aug_98d412d7_jpg.rf.b2fbe50760987292a6711d8e5b4a60f7.jpg,6,0b4580297063221c3d65504687ed2636,cf24b3da82434f440594cc7aa7fe3020,a46d5d1e53825a1f,a56d511a53865e1f
near,Anthracnose_0d184e97_jpg.rf.6b51d16433617b14e11859264c493647.jpg,Anthracnose_aug_feec09fd_jpg.rf.79f37da0fc01b3a29af518f991b7382e.jpg,6,0b4580297063221c3d65504687ed2636,b798d37f63ba2b85bdf3fb2aebb65ef4,a46d5d1e53825a1f,a56d511a53865e1f
near,Anthracnose_7d6096bb_jpg.rf.1d8dc5d3ae71d45c9ed5e9721f50544a.jpg,Anthracnose_ba4f6552_jpg.rf.9d5cc77c4429e69babd8b8ab5d233e76.jpg,6,6f64095cfde452d55132fc7d3104231c,8bcbc1b45ee953077e648e5197a13370,f138044f07d34f5b,d138044d16d75f5b
near,Anthracnose_7d6096bb_jpg.rf.1d8dc5d3ae71d45c9ed5e9721f50544a.jpg,Anthracnose_fcc8a5e4_jpg.rf.950fc9d1b52c8477f9d6fb07bff5fbdf.jpg,6,6f64095cfde452d55132fc7d3104231c,e2a9ba77a2337c7f906b80f1db077d3e,f138044f07d34f5b,f038044b87d70f7b
near,Anthracnose_80a7397a_jpg.rf.3493f7ba9b75d8d9cbab36397444701b.jpg,Anthracnose_543507e5_jpg.rf.98a69e74aa644af20c49e2202f081344.jpg,6,16fab5bfa50c5cceb726d800f44ac91e,3b933e24f9b2b5b634e63cca507f15fa,d1cf5f31310f48b1,d1cf5b33310e0bb1
near,Anthracnose_aug_74be9bb6_jpg.rf.7f8e6a343117334c2c415a4874eb91bb.jpg,Anthracnose_0d48a083_jpg.rf.e9131055a76d2faa2e1771a57929bf88.jpg,6,e8aca932fce2f9c6095b0300ee5fd2cd,da0659e3fd68850721c0bdc219878c46,a56d511ed3c65817,a56d511a53865e1f
near,Anthracnose_aug_74be9bb6_jpg.rf.7f8e6a343117334c2c415a4874eb91bb.jpg,Anthracnose_aug_2ccbdccc_jpg.rf.af3b6850739494d53f2bfd0a2968f875.jpg,6,e8aca932fce2f9c6095b0300ee5fd2cd,285951918dab3e1c58b69e2a2e125312,a56d511ed3c65817,a56d511a53865e1f
near,Anthracnose_aug_74be9bb6_jpg.rf.7f8e6a343117334c2c415a4874eb91bb.jpg,Anthracnose_aug_98d412d7_jpg.rf.b2fbe50760987292a6711d8e5b4a60f7.jpg,6,e8aca932fce2f9c6095b0300ee5fd2cd,cf24b3da82434f440594cc7aa7fe3020,a56d511ed3c65817,a56d511a53865e1f
near,Anthracnose_aug_74be9bb6_jpg.rf.7f8e6a343117334c2c415a4874eb91bb.jpg,Anthracnose_aug_feec09fd_jpg.rf.79f37da0fc01b3a29af518f991b7382e.jpg,6,e8aca932fce2f9c6095b0300ee5fd2cd,b798d37f63ba2b85bdf3fb2aebb65ef4,a56d511ed3c65817,a56d511a53865e1f
near,Anthracnose_aug_bfd468f9_jpg.rf.efd7b12fd3d5edc8a6cfae88f797ae49.jpg,Anthracnose_aug_83ab491d_jpg.rf.5b1b07bb71ec9d81011d0aef455423a9.jpg,6,c4ba10a427560e79a3e1f8b91c9e87f7,480ad4d5b4ab97a3986604cf361b5c9a,c3355ecce1b19c2c,c23d5ecd61b11e2c
near,Anthracnose_aug_fae1df8d_jpg.rf.d31623cb077f56d757d8ca042c336731.jpg,Anthracnose_0d48a083_jpg.rf.e9131055a76d2faa2e1771a57929bf88.jpg,6,89921a2d5daf3b239653ec6b0dfee8ad,da0659e3fd68850721c0bdc219878c46,a46d5d1e53825a1f,a56d511a53865e1f
near,Anthracnose_aug_fae1df8d_jpg.rf.d31623cb077f56d757d8ca042c336731.jpg,Anthracnose_aug_2ccbdccc_jpg.rf.af3b6850739494d53f2bfd0a2968f875.jpg,6,89921a2d5daf3b239653ec6b0dfee8ad,285951918dab3e1c58b69e2a2e125312,a46d5d1e53825a1f,a56d511a53865e1f
near,Anthracnose_aug_fae1df8d_jpg.rf.d31623cb077f56d757d8ca042c336731.jpg,Anthracnose_aug_98d412d7_jpg.rf.b2fbe50760987292a6711d8e5b4a60f7.jpg,6,89921a2d5daf3b239653ec6b0dfee8ad,cf24b3da82434f440594cc7aa7fe3020,a46d5d1e53825a1f,a56d511a53865e1f
near,Anthracnose_aug_fae1df8d_jpg.rf.d31623cb077f56d757d8ca042c336731.jpg,Anthracnose_aug_feec09fd_jpg.rf.79f37da0fc01b3a29af518f991b7382e.jpg,6,89921a2d5daf3b239653ec6b0dfee8ad,b798d37f63ba2b85bdf3fb2aebb65ef4,a46d5d1e53825a1f,a56d511a53865e1f
near,Anthracnose_d9f35328_jpg.rf.2012953ccfc434cdf2e9cd42f89c3764.jpg,Anthracnose_41d062ec_jpg.rf.e8dac4edb7661bb6198823b31a1a8298.jpg,6,79a2f62848b1e0ae8e46f0685b65cd48,64be79c06077b765cb14b2eff6f6307c,a56d511a53865e1f,a46d513853875b1f
near,Anthracnose_d9f35328_jpg.rf.2012953ccfc434cdf2e9cd42f89c3764.jpg,Anthracnose_aug_d552cd85_jpg.rf.84b7edec7842b88dd3d243590e7f342a.jpg,6,79a2f62848b1e0ae8e46f0685b65cd48,02a7e57fa7eb036b6418d820ab9acd28,a56d511a53865e1f,a46d513853875b1f
near,Anthracnose_d9f35328_jpg.rf.2012953ccfc434cdf2e9cd42f89c3764.jpg,Anthracnose_eb6e67a1_jpg.rf.0ab3b8dc544f9fef369b9ae372e432f8.jpg,6,79a2f62848b1e0ae8e46f0685b65cd48,d383eb6192216e0fb183c8a58863d77d,a56d511a53865e1f,a56d511ed3c65817
near,Anthracnose_07dd36b8_jpg.rf.c773a7cbc483d55aaf253a3ac3a9935a.jpg,Anthracnose_23f5a653_jpg.rf.3c0f02d53a5292652f52c546ee54b228.jpg,8,8efe702b1051577385f33efc8285d7ff,239ef69c717b25e34ee94b982191faa9,d0b2895253dd5ee8,d0b2815e5bdc566c
near,Anthracnose_07dd36b8_jpg.rf.c773a7cbc483d55aaf253a3ac3a9935a.jpg,Anthracnose_834f32d7_jpg.rf.2172c2c2a716ddd1e914f20147817e46.jpg,8,8efe702b1051577385f33efc8285d7ff,368f7b6c82c240ef9981125eb781f140,d0b2895253dd5ee8,d0a2815a1bfd5aec
near,Anthracnose_07dd36b8_jpg.rf.c773a7cbc483d55aaf253a3ac3a9935a.jpg,Anthracnose_fb92fd15_jpg.rf.31ac04743a4efe023f5f8acd9cfc7af4.jpg,8,8efe702b1051577385f33efc8285d7ff,72fcc712bce11b6faec7f0ecf443029c,d0b2895253dd5ee8,d0b2815e5bdc566c
near,Anthracnose_0d184e97_jpg.rf.6b51d16433617b14e11859264c493647.jpg,Anthracnose_41d062ec_jpg.rf.e8dac4edb7661bb6198823b31a1a8298.jpg,8,0b4580297063221c3d65504687ed2636,64be79c06077b765cb14b2eff6f6307c,a46d5d1e53825a1f,a46d513853875b1f
near,Anthracnose_0d184e97_jpg.rf.6b51d16433617b14e11859264c493647.jpg,Anthracnose_aug_d552cd85_jpg.rf.84b7edec7842b88dd3d243590e7f342a.jpg,8,0b4580297063221c3d65504687ed2636,02a7e57fa7eb036b6418d820ab9acd28,a46d5d1e53825a1f,a46d513853875b1f
near,Anthracnose_0d184e97_jpg.rf.6b51d16433617b14e11859264c493647.jpg,Anthracnose_eb6e67a1_jpg.rf.0ab3b8dc544f9fef369b9ae372e432f8.jpg,8,0b4580297063221c3d65504687ed2636,d383eb6192216e0fb183c8a58863d77d,a46d5d1e53825a1f,a56d511ed3c65817
near,Anthracnose_2eb9b02d_jpg.rf.e756635e80681a40aced96363b27eb71.jpg,Anthracnose_38a84fcf_jpg.rf.7964861d39ea462b78b1eb756b28660d.jpg,8,368fa8014fe39c4a586c30d79e2d3378,53c1f20781fa5d7ddf0f3077cc17b7eb,96680a99b4e4cb7b,97680b9834e54bf9
near,Anthracnose_2eb9b02d_jpg.rf.e756635e80681a40aced96363b27eb71.jpg,Anthracnose_9bbdd0ab_jpg.rf.c54679c0bb609139e24f223c8c619d25.jpg,8,368fa8014fe39c4a586c30d79e2d3378,a186b28284163764972c072170b34bcb,96680a99b4e4cb7b,97680b9834e54bf9
near,Anthracnose_2eb9b02d_jpg.rf.e756635e80681a40aced96363b27eb71.jpg,Anthracnose_cd7dc584_jpg.rf.7b1f1b4b87cf33bde0ccbc08ffcde96d.jpg,8,368fa8014fe39c4a586c30d79e2d3378,27f6ffb7c0822f24a407499df4fa33a8,96680a99b4e4cb7b,9e650a99b6a4c93b
near,Anthracnose_2eb9b02d_jpg.rf.e756635e80681a40aced96363b27eb71.jpg,Anthracnose_d8e58f62_jpg.rf.50f20e1089a8b9a3017ce08eadaae3a6.jpg,8,368fa8014fe39c4a586c30d79e2d3378,74ded3783ab1bcc55ec77742e7f9629a,96680a99b4e4cb7b,97680b9834e54bf9
near,Anthracnose_392bb781_jpg.rf.a168dc01b7ea4db5073b4244c03a47d3.jpg,Anthracnose_0a8bc8bd_jpg.rf.c89af976af378478b7fa0e975c3a4205.jpg,8,bc81e327fb8b3a732eae960465d27d88,18b4c69af55a1ee6b4ec20e0018a4c04,901d039d6db31cbe,902d23996df334ae
near,Anthracnose_392bb781_jpg.rf.a168dc01b7ea4db5073b4244c03a47d3.jpg,Anthracnose_a1e757f2_jpg.rf.34581f7c3966bfc944f52d3b31f56052.jpg,8,bc81e327fb8b3a732eae960465d27d88,bb285ff297d126271486ce4a59d14841,901d039d6db31cbe,902d23996df334ae
near,Anthracnose_4f3aa516_jpg.rf.b21fbd7c04bfdbb4202e271c7bdfc843.jpg,Anthracnose_8701ba50_jpg.rf.1ff1078da3312458f5ab2c91a1df9bd2.jpg,8,b523ebef249499a78b784fb31c985531,58f071076fa9bc55f16fae60fece1941,856a51d316c5cdf8,856e511216c7cded
near,Anthracnose_592b3d22_jpg.rf.bcf2c333facb86ab7c8ba3af1ccb16e5.jpg,Anthracnose_d3844a77_jpg.rf.f1e01f89168b32391c6c4cd1cbf2cf46.jpg,8,7aed758763ea438667aee4f44bfc45c8,c35b8e3267848795bd5032ecc219dfa4,d0e203666d4f1c7b,90f223666d4d345f
near,Anthracnose_592b3d22_jpg.rf.bcf2c333facb86ab7c8ba3af1ccb16e5.jpg,Anthracnose_e91cf4f9_jpg.rf.1bac34251ab76723d2c1907af61f8e39.jpg,8,7aed758763ea438667aee4f44bfc45c8,55f5e8ae35b6e70c96c5bb4634be125e,d0e203666d4f1c7b,90f223e66c4d147f
near,Anthracnose_72ffd5e1_jpg.rf.55396b74ebacf00cd0ce5482aa0fa999.jpg,Anthracnose_9b76ba13_jpg.rf.331d2ab49153c687e11c3e8a337c2d31.jpg,8,fff4c44c302dc4eed347b2f733380bbd,8791ead26de56acf7199007c030aec8a,8cf1536b4f2c56a4,abf1536b4c6c54a4
near,Anthracnose_771cedb2_jpg.rf.c1ec313bbf20056a837e363a19716517.jpg,Anthracnose_372d344d_jpg.rf.c14094e9e814f1b096469fe37e5fb499.jpg,8,696b1f8c94c27698f3028f314cda7b88,31b01ca63e91b527062d7e0e942d3fef,97680b9934e4cb79,9e690a99b4a4cb3b
near,Anthracnose_7d6096bb_jpg.rf.1d8dc5d3ae71d45c9ed5e9721f50544a.jpg,Anthracnose_f6f4b992_jpg.rf.994492f0ac2a98d46faff595d4bfd3d1.jpg,8,6f64095cfde452d55132fc7d3104231c,02ad08b0d23a26598134ea2923f069ba,f138044f07d34f5b,f1b8084f16d70f4b
near,Anthracnose_aug_74be9bb6_jpg.rf.7f8e6a343117334c2c415a4874eb91bb.jpg,Anthracnose_39cfbf48_jpg.rf.757229929a5ab865e9c7ad64f1c662c9.jpg,8,e8aca932fce2f9c6095b0300ee5fd2cd,bac9ff761ec8ef7fd4083b7e4ae6b84a,a56d511ed3c65817,a56cd11ad2c6dc87
near,Anthracnose_aug_74be9bb6_jpg.rf.7f8e6a343117334c2c415a4874eb91bb.jpg,Anthracnose_51f4f1ae_jpg.rf.83c37b3b09be7e0c94985bcad0c86847.jpg,8,e8aca932fce2f9c6095b0300ee5fd2cd,5021e8e0c9efbd7a1503e47e2e5305c6,a56d511ed3c65817,a56c511ad2c6dca7
near,Anthracnose_aug_74be9bb6_jpg.rf.7f8e6a343117334c2c415a4874eb91bb.jpg,Anthracnose_aug_e73745b2_jpg.rf.f07b1d1bb9bae3513c72b3d4ac99cd7d.jpg,8,e8aca932fce2f9c6095b0300ee5fd2cd,11a8006123461de788290111cc5124fe,a56d511ed3c65817,a56cd11ad2c6dc87
near,Anthracnose_aug_78f4f773_jpg.rf.07e1c047fe884325a6a21640cc8a0895.jpg,Anthracnose_7746b8dc_jpg.rf.3f7f4cb3c0051636a7bcb148acf26b18.jpg,8,61e834768f614573845db67bcb156d3e,8cdf3b8a549f65f1c367990dfd78603c,c3305bcce1f18c6e,c3355ecce1b19c2c
near,Anthracnose_aug_b9eb6a5a_jpg.rf.b168a652476f3289d0da2ec34a6aec3f.jpg,Anthracnose_aug_5bdf23aa_jpg.rf.b51cc6a3fb2f28b9b4c7b2491abb689a.jpg,8,604b8c90cd9b62fe6faa004e7e6b35fc,9767f7564e11ac6893f8a0548613e743,a49251e753791af1,a59251e1537950fb
near,Anthracnose_aug_bfd468f9_jpg.rf.efd7b12fd3d5edc8a6cfae88f797ae49.jpg,Anthracnose_aug_2f56f532_jpg.rf.25e5f1dee95d2b04198129f11d614cba.jpg,8,c4ba10a427560e79a3e1f8b91c9e87f7,378ef56ce66c1ed0e6e568c9ea1ce96b,c3355ecce1b19c2c,c3305bcce1f18c6e
near,Anthracnose_aug_bfd468f9_jpg.rf.efd7b12fd3d5edc8a6cfae88f797ae49.jpg,Anthracnose_e8aff100_jpg.rf.ccb920601f3a693f3931c05e3a3ecbed.jpg,8,c4ba10a427560e79a3e1f8b91c9e87f7,193fa8700e518d7ee1ab1d18d295cbb5,c3355ecce1b19c2c,c3305bcce1f18c6e
near,Anthracnose_aug_f4e20a28_jpg.rf.0e3aa8dfc430757ac3bac580d3c39049.jpg,Anthracnose_aug_805d053b_jpg.rf.bf26827e4cfe05109f0e4cabd46cc2dc.jpg,8,59bc2338b10e43f573223832e0cc6869,6a113487adec14c3c826a0e30a2048eb,a168d91ed2c7d0b5,a56cd11ad2c6d4a7
near,Anthracnose_aug_fa0d46f5_jpg.rf.38c68a841335928c8eb294b0176e49c5.jpg,Anthracnose_58d8aa52_jpg.rf.aef9eed26bd0789096607a00363e8f9a.jpg,8,2be00a3ff973fe47c95500561b49962b,e7cc287911f622b4921bb6f0bd54ce88,c1305fcf21f3484f,d1305bce31f10b4f
near,Anthracnose_aug_fa0d46f5_jpg.rf.38c68a841335928c8eb294b0176e49c5.jpg,Anthracnose_aug_d30da515_jpg.rf.6243da0e1b28610927caac199335a59e.jpg,8,2be00a3ff973fe47c95500561b49962b,81bc878e6e19c56908c0b9baeca8a671,c1305fcf21f3484f,d1305bce31f10b4f
near,Anthracnose_aug_fa0d46f5_jpg.rf.38c68a841335928c8eb294b0176e49c5.jpg,Anthracnose_aug_e9b312e8_jpg.rf.fe314d813bee119e326847007679cc1b.jpg,8,2be00a3ff973fe47c95500561b49962b,7d4bd8b9e80a1e70de780581a0d2c686,c1305fcf21f3484f,d1305bce31f10b4f
near,Anthracnose_aug_fae1df8d_jpg.rf.d31623cb077f56d757d8ca042c336731.jpg,Anthracnose_41d062ec_jpg.rf.e8dac4edb7661bb6198823b31a1a8298.jpg,8,89921a2d5daf3b239653ec6b0dfee8ad,64be79c06077b765cb14b2eff6f6307c,a46d5d1e53825a1f,a46d513853875b1f
near,Anthracnose_aug_fae1df8d_jpg.rf.d31623cb077f56d757d8ca042c336731.jpg,Anthracnose_aug_d552cd85_jpg.rf.84b7edec7842b88dd3d243590e7f342a.jpg,8,89921a2d5daf3b239653ec6b0dfee8ad,02a7e57fa7eb036b6418d820ab9acd28,a46d5d1e53825a1f,a46d513853875b1f
near,Anthracnose_aug_fae1df8d_jpg.rf.d31623cb077f56d757d8ca042c336731.jpg,Anthracnose_eb6e67a1_jpg.rf.0ab3b8dc544f9fef369b9ae372e432f8.jpg,8,89921a2d5daf3b239653ec6b0dfee8ad,d383eb6192216e0fb183c8a58863d77d,a46d5d1e53825a1f,a56d511ed3c65817
near,Anthracnose_cc67bc1d_jpg.rf.2fbb64f903eebca332ece276d097383f.jpg,Anthracnose_7021d310_jpg.rf.6a8756c9fdc268e56b46dd946acce0a5.jpg,8,52437122c0462c477b73f6effd87c5a9,12c5f337ae447171bfb8eda5b9052036,ff5b18c5139c030f,fe5b1cc1038ce30f
near,Anthracnose_cc67bc1d_jpg.rf.2fbb64f903eebca332ece276d097383f.jpg,Anthracnose_d7acc71e_jpg.rf.bb0e844164d5270742c0621c36f84b0c.jpg,8,52437122c0462c477b73f6effd87c5a9,8e6d87b6cc33cd4acfa3acb75db7f07a,ff5b18c5139c030f,fe5b1cc1038ce30f
near,Anthracnose_cc67bc1d_jpg.rf.2fbb64f903eebca332ece276d097383f.jpg,Anthracnose_d89e22a5_jpg.rf.420994be0d501eb02db9de903d5713f9.jpg,8,52437122c0462c477b73f6effd87c5a9,7c9184ac31905b04e00a0e2c57c5f809,ff5b18c5139c030f,fe5b1cc1038ce30f
near,Anthracnose_d9f35328_jpg.rf.2012953ccfc434cdf2e9cd42f89c3764.jpg,Anthracnose_91519e76_jpg.rf.ecd28128fe2637b45f0688d70c896a88.jpg,8,79a2f62848b1e0ae8e46f0685b65cd48,ffb1bb3797a252df0d783b141b4f003e,a56d511a53865e1f,a4ed5d1e43825a1f
near,Anthracnose_d9f35328_jpg.rf.2012953ccfc434cdf2e9cd42f89c3764.jpg,Anthracnose_aug_b8516636_jpg.rf.266c773bcd1687dd858b5158234ca412.jpg,8,79a2f62848b1e0ae8e46f0685b65cd48,b8d1f45497e25b1892f81881034d896c,a56d511a53865e1f,a4ed5d1e43825a1f
