epoch,time,train/giou_loss,train/cls_loss,train/l1_loss,metrics/precision(B),metrics/recall(B),metrics/mAP50(B),metrics/mAP50-95(B),val/giou_loss,val/cls_loss,val/l1_loss,lr/pg0,lr/pg1,lr/pg2
1,373.052,0.52471,41.6813,0.45611,0.91895,0.11207,0.09886,0.0825,0.58162,1.7078,0.48513,0.000301783,0.000301783,0.000301783
2,739.039,0.41723,1.14377,0.34685,0.85309,0.18306,0.19232,0.1673,0.62262,0.84731,0.46952,0.000600792,0.000600792,0.000600792
3,1096.47,0.37007,1.01672,0.28177,0.91173,0.24027,0.23079,0.1904,0.83234,0.79309,0.71893,0.0008958,0.0008958,0.0008958
4,1475.4,0.37588,0.92634,0.29783,0.85184,0.23033,0.20306,0.16183,0.6401,0.66255,0.51676,0.000891002,0.000891002,0.000891002
5,1881.77,0.35238,1.00208,0.28716,0.89384,0.21331,0.21222,0.18285,0.59664,1.0808,0.51775,0.000885002,0.000885002,0.000885002
6,2099.3,0.40328,0.83215,0.31277,0.8914,0.21596,0.1961,0.16429,0.78704,0.58596,0.6236,0.000879003,0.000879003,0.000879003
7,2206.58,0.34675,0.80927,0.27993,0.94389,0.19454,0.22356,0.199,0.56602,0.9785,0.44408,0.000873004,0.000873004,0.000873004
8,2313.72,0.33111,0.80805,0.27189,0.94565,0.17363,0.20945,0.17281,0.70168,0.77391,0.45956,0.000867004,0.000867004,0.000867004
9,2421.49,0.33466,0.88646,0.28536,0.90029,0.21642,0.2158,0.18264,0.65692,0.99318,0.60436,0.000861005,0.000861005,0.000861005
10,2526.64,0.30956,0.86177,0.25984,0.56583,0.20911,0.24407,0.20811,0.59293,0.85327,0.37594,0.000855005,0.000855005,0.000855005
11,2634.81,0.364,0.76478,0.27946,0.92821,0.20049,0.21755,0.19181,0.60916,0.85439,0.43101,0.000849006,0.000849006,0.000849006
12,2818.95,0.33082,0.71535,0.22392,0.92601,0.2253,0.23329,0.20005,0.60175,1.35234,0.37911,0.000843007,0.000843007,0.000843007
13,3076.5,0.32026,0.72987,0.23794,0.97147,0.21331,0.24151,0.2122,0.66613,0.70212,0.44416,0.000837007,0.000837007,0.000837007
14,3182.62,0.29174,0.8521,0.23593,0.90654,0.229,0.23857,0.21084,0.65867,0.96727,0.41468,0.000831008,0.000831008,0.000831008
15,3288.08,0.36437,0.65592,0.24962,0.93408,0.23895,0.23917,0.20478,0.65202,0.9612,0.60593,0.000825008,0.000825008,0.000825008
16,3394.08,0.31235,0.65114,0.23555,0.9568,0.2152,0.24087,0.20835,0.60513,0.98963,0.43148,0.000819009,0.000819009,0.000819009
17,3498.7,0.27825,0.63573,0.21968,0.95101,0.21858,0.24169,0.20934,0.64485,0.76293,0.42591,0.00081301,0.00081301,0.00081301
18,3604.75,0.31934,0.63019,0.24664,0.92021,0.24068,0.25777,0.22264,0.62415,0.67228,0.46748,0.00080701,0.00080701,0.00080701
19,3709.18,0.28188,0.6023,0.21111,0.96059,0.23039,0.24498,0.21744,0.65894,0.75905,0.49236,0.000801011,0.000801011,0.000801011
20,3816.07,0.31378,0.5922,0.22297,0.93015,0.26019,0.26301,0.23409,0.53466,1.07084,0.28351,0.000795011,0.000795011,0.000795011
21,3919.89,0.32762,0.70955,0.24237,0.76858,0.24523,0.26614,0.22666,0.5931,0.95261,0.36811,0.000789012,0.000789012,0.000789012
22,4026.88,0.29666,0.71542,0.23645,0.75976,0.26746,0.27351,0.228,0.56218,0.82862,0.36541,0.000783013,0.000783013,0.000783013
23,4132.93,0.28552,0.61202,0.2171,0.90921,0.20792,0.22945,0.19288,0.61036,0.82355,0.44467,0.000777013,0.000777013,0.000777013
24,4238.21,0.32289,0.60146,0.21604,0.95743,0.25249,0.28493,0.24263,0.53858,0.83912,0.29663,0.000771014,0.000771014,0.000771014
25,4344.26,0.26074,0.63145,0.18494,0.7755,0.23895,0.24618,0.21438,0.55858,1.06508,0.33631,0.000765014,0.000765014,0.000765014
26,4449.18,0.27835,0.58983,0.22387,0.93731,0.23187,0.25382,0.22069,0.54382,1.29912,0.28737,0.000759015,0.000759015,0.000759015
27,4556.83,0.30403,0.5516,0.22317,0.75952,0.24182,0.28381,0.21954,0.6292,1.20319,0.36288,0.000753016,0.000753016,0.000753016
28,4661.6,0.27201,0.56504,0.216,0.74187,0.23691,0.24583,0.20798,0.60054,1.22707,0.37402,0.000747016,0.000747016,0.000747016
29,4768.32,0.25942,0.5485,0.21304,0.97459,0.25177,0.47406,0.29248,0.62577,0.78796,0.40489,0.000741017,0.000741017,0.000741017
30,4874.16,0.29274,0.63575,0.20299,0.46854,0.24029,0.25429,0.21982,0.60176,0.91743,0.35035,0.000735017,0.000735017,0.000735017
31,4981.4,0.25631,0.60978,0.20916,0.96441,0.22842,0.2417,0.21371,0.56345,1.22429,0.38064,0.000729018,0.000729018,0.000729018
32,5088.27,0.25697,0.53867,0.17388,0.78398,0.25393,0.28571,0.23145,0.5416,1.46745,0.31462,0.000723019,0.000723019,0.000723019
33,5193.67,0.27812,0.53592,0.21128,0.43845,0.35367,0.36446,0.25681,0.53931,1.04102,0.29041,0.000717019,0.000717019,0.000717019
34,5300.08,0.24702,0.47719,0.19697,0.43333,0.31835,0.25785,0.2214,0.58006,1.17848,0.32215,0.00071102,0.00071102,0.00071102
35,5405.95,0.27391,0.51926,0.1972,0.28383,0.44343,0.35302,0.26523,0.58801,0.89502,0.352,0.00070502,0.00070502,0.00070502
36,5512.91,0.25205,0.50011,0.17752,0.4856,0.38986,0.35349,0.26159,0.54101,0.96551,0.33617,0.000699021,0.000699021,0.000699021
37,5617.45,0.2324,0.51927,0.1767,0.78238,0.2523,0.45244,0.30695,0.55439,0.98936,0.32241,0.000693022,0.000693022,0.000693022
38,5724.26,0.23342,0.46808,0.17481,0.50276,0.52034,0.46245,0.31227,0.59688,1.02687,0.36603,0.000687022,0.000687022,0.000687022
39,5829.78,0.24884,0.55507,0.18826,0.7749,0.25548,0.40646,0.30616,0.5533,0.98035,0.36624,0.000681023,0.000681023,0.000681023
40,5936.08,0.26305,0.5294,0.19359,0.66376,0.43988,0.3552,0.27265,0.61478,1.23361,0.39494,0.000675023,0.000675023,0.000675023
41,6042.2,0.24679,0.47856,0.18156,0.93277,0.23895,0.25456,0.21659,0.63717,0.98962,0.31798,0.000669024,0.000669024,0.000669024
42,6147.55,0.24684,0.46389,0.17694,0.79456,0.25752,0.28571,0.24506,0.59613,1.39202,0.29502,0.000663025,0.000663025,0.000663025
43,6255.15,0.26699,0.48286,0.18923,0.91713,0.25177,0.30595,0.25143,0.52195,2.36646,0.29489,0.000657025,0.000657025,0.000657025
44,6359.19,0.24377,0.50813,0.19162,0.43432,0.43568,0.4326,0.30015,0.53258,0.98152,0.32094,0.000651026,0.000651026,0.000651026
45,6466.09,0.26215,0.52476,0.17967,0.80808,0.25752,0.2593,0.22981,0.58262,0.88536,0.38103,0.000645026,0.000645026,0.000645026
46,6571.42,0.24068,0.49581,0.19109,0.63851,0.40966,0.2804,0.21246,0.60798,0.81245,0.39863,0.000639027,0.000639027,0.000639027
47,6677.88,0.26184,0.48882,0.19305,0.9501,0.23274,0.29262,0.21608,0.54613,0.84419,0.37941,0.000633028,0.000633028,0.000633028
48,6783.34,0.26428,0.4692,0.19626,0.39975,0.37717,0.31233,0.24209,0.63018,1.07546,0.4398,0.000627028,0.000627028,0.000627028
49,6890.51,0.24956,0.47944,0.18293,0.4441,0.43988,0.43285,0.29607,0.6626,1.11182,0.36304,0.000621029,0.000621029,0.000621029
50,6998.02,0.23928,0.47864,0.17891,0.95688,0.21905,0.28233,0.23706,0.67402,1.05484,0.39518,0.000615029,0.000615029,0.000615029
51,7103.34,0.23849,0.49562,0.18308,0.63269,0.24469,0.25968,0.2294,0.59997,1.38372,0.32563,0.00060903,0.00060903,0.00060903
52,7210.95,0.23007,0.42105,0.17018,0.95142,0.26746,0.28468,0.24368,0.60787,0.83153,0.35954,0.000603031,0.000603031,0.000603031
53,7315.5,0.25484,0.44359,0.19039,0.96944,0.24182,0.2587,0.22187,0.65296,0.74297,0.36296,0.000597031,0.000597031,0.000597031
54,7422.89,0.21673,0.41466,0.15444,0.92975,0.25752,0.26839,0.22484,0.61656,0.96666,0.33312,0.000591032,0.000591032,0.000591032
55,7527.43,0.26176,0.48519,0.18346,0.38071,0.35606,0.33835,0.23048,0.51699,1.10962,0.29133,0.000585032,0.000585032,0.000585032
56,7634.35,0.25035,0.45418,0.17199,0.25861,0.33659,0.27335,0.22192,0.5675,1.0237,0.29542,0.000579033,0.000579033,0.000579033
57,7738.62,0.21875,0.46785,0.16885,0.949,0.229,0.26092,0.22144,0.58969,1.03387,0.3242,0.000573034,0.000573034,0.000573034
58,7844.27,0.25151,0.48923,0.18377,0.79095,0.25752,0.27347,0.23245,0.58011,2.4654,0.32697,0.000567034,0.000567034,0.000567034
59,7950.37,0.22383,0.49007,0.16429,0.95637,0.21905,0.26609,0.22836,0.54383,1.04745,0.2871,0.000561035,0.000561035,0.000561035
60,8056.28,0.24017,0.43421,0.17862,0.4252,0.32515,0.26841,0.21744,0.58411,0.9316,0.37209,0.000555035,0.000555035,0.000555035
61,8161.78,0.22128,0.41291,0.14224,0.79389,0.24182,0.25148,0.22492,0.55173,1.10761,0.33301,0.000549036,0.000549036,0.000549036
62,8264.94,0.24898,0.41599,0.16699,0.80207,0.23705,0.26991,0.22889,0.61555,0.84814,0.33793,0.000543037,0.000543037,0.000543037
63,8372.08,0.21791,0.47278,0.16788,0.77847,0.23945,0.28349,0.23337,0.58943,0.95546,0.33729,0.000537037,0.000537037,0.000537037
64,8475.57,0.1765,0.44751,0.1517,0.46843,0.50293,0.3222,0.23912,0.58389,0.87861,0.37763,0.000531038,0.000531038,0.000531038
65,8581.7,0.24871,0.47378,0.18974,0.476,0.41136,0.32998,0.24415,0.58322,0.82467,0.31724,0.000525038,0.000525038,0.000525038
66,8687.76,0.21568,0.4377,0.17085,0.79537,0.42131,0.41973,0.28177,0.58085,1.01747,0.31203,0.000519039,0.000519039,0.000519039
67,8793.25,0.20917,0.44264,0.1641,0.44397,0.51326,0.30733,0.24407,0.56134,2.47439,0.31484,0.00051304,0.00051304,0.00051304
68,8899.67,0.24122,0.36299,0.15294,0.62378,0.33798,0.30958,0.25262,0.55528,0.94608,0.2859,0.00050704,0.00050704,0.00050704
69,9004.03,0.22292,0.40695,0.1695,0.61035,0.42418,0.34368,0.25123,0.52606,1.32945,0.31345,0.000501041,0.000501041,0.000501041
70,9110.2,0.21758,0.36027,0.17502,0.85582,0.42131,0.35783,0.24563,0.53304,0.84714,0.31268,0.000495041,0.000495041,0.000495041
71,9214.97,0.23169,0.40736,0.14926,0.79551,0.25752,0.34177,0.26573,0.47723,1.53531,0.27128,0.000489042,0.000489042,0.000489042
72,9322.15,0.20184,0.37553,0.15505,0.73173,0.43413,0.44384,0.32472,0.52164,0.99277,0.31853,0.000483043,0.000483043,0.000483043
73,9427.41,0.21984,0.3944,0.14783,0.96647,0.25464,0.28548,0.24174,0.5897,0.97769,0.34842,0.000477043,0.000477043,0.000477043
74,9533.73,0.20353,0.37764,0.15709,0.64698,0.4302,0.35965,0.26263,0.53717,1.23772,0.31314,0.000471044,0.000471044,0.000471044
75,9639.09,0.20682,0.36948,0.14583,0.67801,0.43413,0.42649,0.28645,0.53339,1.13629,0.27497,0.000465044,0.000465044,0.000465044
76,9744.45,0.20709,0.38683,0.16095,0.32263,0.50665,0.31742,0.24226,0.55065,1.07986,0.35138,0.000459045,0.000459045,0.000459045
77,9851.46,0.21456,0.40545,0.15414,0.88889,0.42575,0.44795,0.27751,0.49259,0.92827,0.25558,0.000453046,0.000453046,0.000453046
78,9955.17,0.1936,0.41193,0.13395,0.27127,0.4446,0.3583,0.27192,0.48676,1.14605,0.23452,0.000447046,0.000447046,0.000447046
79,10061.6,0.19582,0.35871,0.15242,0.31197,0.43587,0.33244,0.26257,0.51254,0.9548,0.26529,0.000441047,0.000441047,0.000441047
80,10165.5,0.2301,0.3582,0.15648,0.31744,0.33692,0.35364,0.25127,0.48276,0.95903,0.26593,0.000435047,0.000435047,0.000435047
81,10271.1,0.20612,0.38976,0.14051,0.28762,0.37269,0.29891,0.24986,0.48062,0.84103,0.26898,0.000429048,0.000429048,0.000429048
82,10376.8,0.20604,0.36386,0.16509,0.61775,0.25464,0.26901,0.23528,0.51325,0.89831,0.29474,0.000423049,0.000423049,0.000423049
83,10483.4,0.22588,0.36554,0.15133,0.28411,0.3384,0.28702,0.24286,0.53439,0.87271,0.28341,0.000417049,0.000417049,0.000417049
84,10590.7,0.18008,0.35601,0.15821,0.4785,0.34322,0.29712,0.24182,0.54924,0.90589,0.30779,0.00041105,0.00041105,0.00041105
85,10694.8,0.21926,0.40481,0.16492,0.67754,0.33856,0.35433,0.2484,0.53027,0.89879,0.25937,0.00040505,0.00040505,0.00040505
86,10801.9,0.20517,0.37848,0.1632,0.34347,0.36006,0.27915,0.23889,0.53568,0.83816,0.30832,0.000399051,0.000399051,0.000399051
87,10906.3,0.20225,0.33002,0.14133,0.28515,0.31808,0.30742,0.24443,0.54873,0.85192,0.32539,0.000393052,0.000393052,0.000393052
88,11012.7,0.1903,0.36374,0.14067,0.63083,0.24909,0.29809,0.2439,0.55655,0.94227,0.3636,0.000387052,0.000387052,0.000387052
89,11117.2,0.18846,0.34012,0.14413,0.41276,0.35367,0.28835,0.24911,0.55674,0.79247,0.36163,0.000381053,0.000381053,0.000381053
90,11223.4,0.21585,0.35604,0.16998,0.76036,0.43364,0.43952,0.26224,0.54516,0.77405,0.34019,0.000375053,0.000375053,0.000375053
91,11329.2,0.22886,0.33172,0.18688,0.38497,0.43683,0.43829,0.30031,0.58355,1.07406,0.35769,0.000369054,0.000369054,0.000369054
92,11434.7,0.19176,0.34499,0.14335,0.50444,0.35154,0.32198,0.24622,0.56683,0.98377,0.29926,0.000363055,0.000363055,0.000363055
93,11540.8,0.20188,0.32045,0.13206,0.55858,0.42746,0.40939,0.25745,0.58773,0.84674,0.32335,0.000357055,0.000357055,0.000357055
94,11646.4,0.19995,0.36943,0.14413,0.52447,0.33798,0.36604,0.25196,0.57401,0.73595,0.39892,0.000351056,0.000351056,0.000351056
95,11753.9,0.20802,0.34698,0.13635,0.38085,0.38297,0.40581,0.26896,0.56812,0.78386,0.33294,0.000345056,0.000345056,0.000345056
96,11858.5,0.20977,0.33211,0.17406,0.50848,0.41732,0.41922,0.25737,0.54174,0.92208,0.31014,0.000339057,0.000339057,0.000339057
97,11969.6,0.1899,0.35097,0.13605,0.49,0.42131,0.36494,0.25207,0.54404,0.95399,0.33798,0.000333058,0.000333058,0.000333058
98,12098,0.16915,0.34191,0.13336,0.95997,0.26912,0.30231,0.25445,0.50692,0.80972,0.30156,0.000327058,0.000327058,0.000327058
99,12227,0.17604,0.32307,0.15122,0.77381,0.26522,0.27008,0.23679,0.52831,0.99394,0.32469,0.000321059,0.000321059,0.000321059
100,12352.4,0.21643,0.34628,0.13251,0.7895,0.26746,0.27892,0.24896,0.55516,0.98844,0.31976,0.000315059,0.000315059,0.000315059
101,12482.6,0.18509,0.28759,0.14015,0.78282,0.27055,0.29634,0.25155,0.55076,1.13536,0.28741,0.00030906,0.00030906,0.00030906
102,12611.4,0.20294,0.32772,0.15098,0.80363,0.25347,0.28122,0.24969,0.57557,1.03055,0.31586,0.000303061,0.000303061,0.000303061
103,12740.8,0.21982,0.32199,0.16083,0.6304,0.43722,0.43423,0.30841,0.55134,1.18768,0.2877,0.000297061,0.000297061,0.000297061
104,12866.7,0.18461,0.32086,0.13618,0.30187,0.3625,0.29376,0.25416,0.5226,1.37705,0.31702,0.000291062,0.000291062,0.000291062
105,13080.7,0.19479,0.34561,0.14392,0.57359,0.437,0.46965,0.33917,0.51212,1.16447,0.32751,0.000285062,0.000285062,0.000285062
106,13426,0.19605,0.30276,0.14819,0.29304,0.3593,0.2852,0.24732,0.53131,1.20564,0.31824,0.000279063,0.000279063,0.000279063
107,13754.7,0.19015,0.31553,0.13051,0.3972,0.34106,0.28099,0.24492,0.5117,1.75325,0.30713,0.000273064,0.000273064,0.000273064
108,14095.9,0.18064,0.31837,0.12476,0.78722,0.26881,0.2796,0.24978,0.54836,1.02506,0.338,0.000267064,0.000267064,0.000267064
109,14424.3,0.19471,0.35607,0.14343,0.78509,0.24757,0.28237,0.25184,0.52249,1.04478,0.27848,0.000261065,0.000261065,0.000261065
110,14735.8,0.18338,0.31868,0.14839,0.50421,0.35416,0.31935,0.26335,nan,nan,nan,0.000255065,0.000255065,0.000255065
111,15093,0.16751,0.28865,0.1217,0.35894,0.36538,0.30609,0.26404,0.52108,0.80377,0.30098,0.000249066,0.000249066,0.000249066
112,15470.8,0.19628,0.30099,0.12524,0.41356,0.35963,0.30542,0.24983,0.50785,1.04731,0.29334,0.000243067,0.000243067,0.000243067
113,15849,0.17005,0.31824,0.12303,0.42426,0.53226,0.34863,0.27297,0.52778,1.12055,0.30571,0.000237067,0.000237067,0.000237067
114,16242.1,0.21096,0.30612,0.1505,0.26603,0.36279,0.29436,0.2614,0.52034,0.84074,0.27616,0.000231068,0.000231068,0.000231068
115,16620.8,0.17091,0.31994,0.12369,0.40076,0.33399,0.29798,0.26219,0.51102,0.93864,0.28513,0.000225068,0.000225068,0.000225068
116,16953.4,0.20954,0.28498,0.15472,0.48916,0.49448,0.32699,0.26725,0.53603,1.10221,0.28153,0.000219069,0.000219069,0.000219069
117,17229.1,0.15456,0.28106,0.12093,0.3211,0.3625,0.29941,0.26026,nan,nan,nan,0.00021307,0.00021307,0.00021307
118,17527.2,0.18709,0.29538,0.13223,0.28197,0.34394,0.26483,0.23544,nan,nan,nan,0.00020707,0.00020707,0.00020707
119,17820.8,0.15917,0.2891,0.1081,0.69062,0.42131,0.34495,0.25322,nan,nan,nan,0.000201071,0.000201071,0.000201071
120,18117.5,0.18921,0.30148,0.14768,0.62861,0.42418,0.29815,0.25387,nan,nan,nan,0.000195071,0.000195071,0.000195071
121,18401.4,0.18994,0.27481,0.14635,0.65242,0.43382,0.33357,0.26765,0.50683,0.94179,0.2911,0.000189072,0.000189072,0.000189072
122,18699.9,0.18165,0.26904,0.12201,0.31444,0.42748,0.31576,0.26509,nan,nan,nan,0.000183073,0.000183073,0.000183073
123,18897.2,0.15224,0.31893,0.11502,0.31651,0.45314,0.30275,0.2646,nan,nan,nan,0.000177073,0.000177073,0.000177073
124,19190.8,0.18968,0.27354,0.14089,0.72174,0.43413,0.44736,0.26818,0.52556,1.2187,0.32721,0.000171074,0.000171074,0.000171074
125,19507.1,0.20659,0.30893,0.14143,0.62948,0.25464,0.28373,0.25088,0.53251,1.00372,0.29885,0.000165074,0.000165074,0.000165074
126,19794.1,0.17356,0.2722,0.11153,0.96482,0.25177,0.27326,0.24473,nan,nan,nan,0.000159075,0.000159075,0.000159075
127,20105.7,0.18199,0.27401,0.12204,0.39997,0.52034,0.45265,0.31318,0.51734,0.88605,0.29716,0.000153076,0.000153076,0.000153076
128,20405.3,0.1618,0.25194,0.11387,0.62326,0.51166,0.4708,0.32912,0.50594,0.89294,0.30064,0.000147076,0.000147076,0.000147076
129,20689.3,0.17129,0.27144,0.11916,0.59867,0.46675,0.47053,0.34849,0.50614,0.84681,0.30888,0.000141077,0.000141077,0.000141077
130,20985.3,0.18055,0.31776,0.13108,0.5791,0.51206,0.47249,0.34321,0.51055,0.82995,0.30141,0.000135077,0.000135077,0.000135077
131,21291.4,0.1944,0.28412,0.13083,0.53553,0.51778,0.45901,0.35516,0.50779,0.8229,0.29534,0.000129078,0.000129078,0.000129078
132,21709.2,0.1692,0.26429,0.11803,0.52211,0.51729,0.45809,0.33553,0.49019,0.89601,0.28917,0.000123079,0.000123079,0.000123079
133,22167.3,0.15492,0.29404,0.11649,0.41649,0.52399,0.38249,0.30205,0.49419,0.90312,0.28389,0.000117079,0.000117079,0.000117079
134,22617.2,0.1671,0.27323,0.11299,0.3431,0.47361,0.37156,0.28952,0.48674,0.86669,0.31109,0.00011108,0.00011108,0.00011108
135,23024.2,0.14631,0.26501,0.10812,0.51776,0.45391,0.37715,0.29991,0.47501,0.87971,0.29632,0.00010508,0.00010508,0.00010508
136,23334.7,0.17453,0.2708,0.13984,0.39552,0.56204,0.44018,0.30759,0.51796,0.8117,0.32112,9.9081e-05,9.9081e-05,9.9081e-05
137,23644.9,0.16126,0.27152,0.12478,0.42396,0.51787,0.40586,0.29562,0.48316,0.85207,0.30801,9.30816e-05,9.30816e-05,9.30816e-05
138,23968.5,0.1584,0.26631,0.11231,0.75643,0.43506,0.48685,0.31205,0.47955,0.99008,0.30053,8.70822e-05,8.70822e-05,8.70822e-05
139,24272.1,0.14909,0.25812,0.11845,0.68526,0.43413,0.48843,0.34756,0.47815,0.91924,0.30138,8.10828e-05,8.10828e-05,8.10828e-05
140,24449.8,0.16772,0.25262,0.10957,0.77188,0.43599,0.48683,0.34092,0.48844,0.90396,0.29586,7.50834e-05,7.50834e-05,7.50834e-05
141,24831.5,0.09895,0.15338,0.09053,0.40379,0.51354,0.45602,0.33526,nan,nan,nan,6.9084e-05,6.9084e-05,6.9084e-05
142,25143.6,0.09681,0.1651,0.08468,0.75287,0.42131,0.45579,0.33411,0.49366,0.86555,0.31096,6.30846e-05,6.30846e-05,6.30846e-05
143,25457.8,0.11036,0.14723,0.09608,0.39469,0.50688,0.39,0.29583,0.48282,0.94062,0.2882,5.70852e-05,5.70852e-05,5.70852e-05
144,25785.9,0.0869,0.13907,0.07975,0.70136,0.42131,0.36742,0.28739,0.47608,1.0151,0.2841,5.10858e-05,5.10858e-05,5.10858e-05
145,26102.1,0.10127,0.14903,0.09932,0.70218,0.42131,0.36658,0.28696,0.48005,0.98518,0.28814,4.50864e-05,4.50864e-05,4.50864e-05
146,26418.3,0.09518,0.16789,0.09,0.55319,0.42131,0.44839,0.32651,0.48389,0.95922,0.29747,3.9087e-05,3.9087e-05,3.9087e-05
147,26628.8,0.09545,0.12688,0.08692,0.58062,0.42131,0.44676,0.30888,0.4806,1.01214,0.2972,3.30876e-05,3.30876e-05,3.30876e-05
148,26895.3,0.09557,0.12664,0.08967,0.34903,0.52342,0.36503,0.27667,0.47525,0.96598,0.29624,2.70882e-05,2.70882e-05,2.70882e-05
149,27231.9,0.09884,0.13652,0.09875,0.35633,0.52342,0.36571,0.27738,0.47555,0.96711,0.29512,2.10888e-05,2.10888e-05,2.10888e-05
150,27534.8,0.09876,0.13999,0.09205,0.36488,0.52436,0.36473,0.28002,0.46434,1.02058,0.27146,1.50894e-05,1.50894e-05,1.50894e-05
